normalized_family,migration_action,source_path,target_path,route_family,evidence_source,handoff_candidate,raw_variant_count,reason
/glossary/mcp-auth-provider-18,REDIRECT,/glossary/mcp-auth-provider-18,/glossary/,glossary,handoff_redirect_map,yes,1,Glossary numeric-suffix consolidation: 92 handoff candidates (1:1 with gloss_numeric_bloat) all redirect to /glossary/. Includes the 2 semantic numeric terms /glossary/mcp-soc-2 and /glossary/mcp-iso-27001 (must be re-protected if redirected).
/glossary/mcp-batch-processing-34,REDIRECT,/glossary/mcp-batch-processing-34,/glossary/,glossary,handoff_redirect_map,yes,1,Glossary numeric-suffix consolidation: 92 handoff candidates (1:1 with gloss_numeric_bloat) all redirect to /glossary/. Includes the 2 semantic numeric terms /glossary/mcp-soc-2 and /glossary/mcp-iso-27001 (must be re-protected if redirected).
/glossary/mcp-websocket-server-86,REDIRECT,/glossary/mcp-websocket-server-86,/glossary/,glossary,handoff_redirect_map,yes,1,Glossary numeric-suffix consolidation: 92 handoff candidates (1:1 with gloss_numeric_bloat) all redirect to /glossary/. Includes the 2 semantic numeric terms /glossary/mcp-soc-2 and /glossary/mcp-iso-27001 (must be re-protected if redirected).
/glossary/mcp-sse-gateway-85,REDIRECT,/glossary/mcp-sse-gateway-85,/glossary/,glossary,handoff_redirect_map,yes,1,Glossary numeric-suffix consolidation: 92 handoff candidates (1:1 with gloss_numeric_bloat) all redirect to /glossary/. Includes the 2 semantic numeric terms /glossary/mcp-soc-2 and /glossary/mcp-iso-27001 (must be re-protected if redirected).
/glossary/mcp-disaster-recovery-57,REDIRECT,/glossary/mcp-disaster-recovery-57,/glossary/,glossary,handoff_redirect_map,yes,1,Glossary numeric-suffix consolidation: 92 handoff candidates (1:1 with gloss_numeric_bloat) all redirect to /glossary/. Includes the 2 semantic numeric terms /glossary/mcp-soc-2 and /glossary/mcp-iso-27001 (must be re-protected if redirected).
/glossary/mcp-stream-aggregator-64,REDIRECT,/glossary/mcp-stream-aggregator-64,/glossary/,glossary,handoff_redirect_map,yes,1,Glossary numeric-suffix consolidation: 92 handoff candidates (1:1 with gloss_numeric_bloat) all redirect to /glossary/. Includes the 2 semantic numeric terms /glossary/mcp-soc-2 and /glossary/mcp-iso-27001 (must be re-protected if redirected).
/glossary/mcp-webhook-receiver-73,REDIRECT,/glossary/mcp-webhook-receiver-73,/glossary/,glossary,handoff_redirect_map,yes,1,Glossary numeric-suffix consolidation: 92 handoff candidates (1:1 with gloss_numeric_bloat) all redirect to /glossary/. Includes the 2 semantic numeric terms /glossary/mcp-soc-2 and /glossary/mcp-iso-27001 (must be re-protected if redirected).
/glossary/mcp-auto-scaling-0,REDIRECT,/glossary/mcp-auto-scaling-0,/glossary/,glossary,handoff_redirect_map,yes,1,Glossary numeric-suffix consolidation: 92 handoff candidates (1:1 with gloss_numeric_bloat) all redirect to /glossary/. Includes the 2 semantic numeric terms /glossary/mcp-soc-2 and /glossary/mcp-iso-27001 (must be re-protected if redirected).
/glossary/mcp-polling-service-88,REDIRECT,/glossary/mcp-polling-service-88,/glossary/,glossary,handoff_redirect_map,yes,1,Glossary numeric-suffix consolidation: 92 handoff candidates (1:1 with gloss_numeric_bloat) all redirect to /glossary/. Includes the 2 semantic numeric terms /glossary/mcp-soc-2 and /glossary/mcp-iso-27001 (must be re-protected if redirected).
/glossary/mcp-load-balancer-15,REDIRECT,/glossary/mcp-load-balancer-15,/glossary/,glossary,handoff_redirect_map,yes,1,Glossary numeric-suffix consolidation: 92 handoff candidates (1:1 with gloss_numeric_bloat) all redirect to /glossary/. Includes the 2 semantic numeric terms /glossary/mcp-soc-2 and /glossary/mcp-iso-27001 (must be re-protected if redirected).
/glossary/mcp-process-monitor-97,REDIRECT,/glossary/mcp-process-monitor-97,/glossary/,glossary,handoff_redirect_map,yes,1,Glossary numeric-suffix consolidation: 92 handoff candidates (1:1 with gloss_numeric_bloat) all redirect to /glossary/. Includes the 2 semantic numeric terms /glossary/mcp-soc-2 and /glossary/mcp-iso-27001 (must be re-protected if redirected).
/glossary/mcp-ssl-terminator-49,REDIRECT,/glossary/mcp-ssl-terminator-49,/glossary/,glossary,handoff_redirect_map,yes,1,Glossary numeric-suffix consolidation: 92 handoff candidates (1:1 with gloss_numeric_bloat) all redirect to /glossary/. Includes the 2 semantic numeric terms /glossary/mcp-soc-2 and /glossary/mcp-iso-27001 (must be re-protected if redirected).
/glossary/mcp-rule-engine-110,REDIRECT,/glossary/mcp-rule-engine-110,/glossary/,glossary,handoff_redirect_map,yes,1,Glossary numeric-suffix consolidation: 92 handoff candidates (1:1 with gloss_numeric_bloat) all redirect to /glossary/. Includes the 2 semantic numeric terms /glossary/mcp-soc-2 and /glossary/mcp-iso-27001 (must be re-protected if redirected).
/glossary/mcp-pubsub-system-90,REDIRECT,/glossary/mcp-pubsub-system-90,/glossary/,glossary,handoff_redirect_map,yes,1,Glossary numeric-suffix consolidation: 92 handoff candidates (1:1 with gloss_numeric_bloat) all redirect to /glossary/. Includes the 2 semantic numeric terms /glossary/mcp-soc-2 and /glossary/mcp-iso-27001 (must be re-protected if redirected).
/glossary/mcp-callback-handler-74,REDIRECT,/glossary/mcp-callback-handler-74,/glossary/,glossary,handoff_redirect_map,yes,1,Glossary numeric-suffix consolidation: 92 handoff candidates (1:1 with gloss_numeric_bloat) all redirect to /glossary/. Includes the 2 semantic numeric terms /glossary/mcp-soc-2 and /glossary/mcp-iso-27001 (must be re-protected if redirected).
/glossary/mcp-stream-processing-33,REDIRECT,/glossary/mcp-stream-processing-33,/glossary/,glossary,handoff_redirect_map,yes,1,Glossary numeric-suffix consolidation: 92 handoff candidates (1:1 with gloss_numeric_bloat) all redirect to /glossary/. Includes the 2 semantic numeric terms /glossary/mcp-soc-2 and /glossary/mcp-iso-27001 (must be re-protected if redirected).
/glossary/mcp-schema-validator-118,REDIRECT,/glossary/mcp-schema-validator-118,/glossary/,glossary,handoff_redirect_map,yes,1,Glossary numeric-suffix consolidation: 92 handoff candidates (1:1 with gloss_numeric_bloat) all redirect to /glossary/. Includes the 2 semantic numeric terms /glossary/mcp-soc-2 and /glossary/mcp-iso-27001 (must be re-protected if redirected).
/glossary/mcp-container-registry-1,REDIRECT,/glossary/mcp-container-registry-1,/glossary/,glossary,handoff_redirect_map,yes,1,Glossary numeric-suffix consolidation: 92 handoff candidates (1:1 with gloss_numeric_bloat) all redirect to /glossary/. Includes the 2 semantic numeric terms /glossary/mcp-soc-2 and /glossary/mcp-iso-27001 (must be re-protected if redirected).
/glossary/mcp-socket-adapter-87,REDIRECT,/glossary/mcp-socket-adapter-87,/glossary/,glossary,handoff_redirect_map,yes,1,Glossary numeric-suffix consolidation: 92 handoff candidates (1:1 with gloss_numeric_bloat) all redirect to /glossary/. Includes the 2 semantic numeric terms /glossary/mcp-soc-2 and /glossary/mcp-iso-27001 (must be re-protected if redirected).
/glossary/mcp-schema-registry-61,REDIRECT,/glossary/mcp-schema-registry-61,/glossary/,glossary,handoff_redirect_map,yes,1,Glossary numeric-suffix consolidation: 92 handoff candidates (1:1 with gloss_numeric_bloat) all redirect to /glossary/. Includes the 2 semantic numeric terms /glossary/mcp-soc-2 and /glossary/mcp-iso-27001 (must be re-protected if redirected).
/glossary/mcp-cdn-service-4,REDIRECT,/glossary/mcp-cdn-service-4,/glossary/,glossary,handoff_redirect_map,yes,1,Glossary numeric-suffix consolidation: 92 handoff candidates (1:1 with gloss_numeric_bloat) all redirect to /glossary/. Includes the 2 semantic numeric terms /glossary/mcp-soc-2 and /glossary/mcp-iso-27001 (must be re-protected if redirected).
/glossary/mcp-message-broker-5,REDIRECT,/glossary/mcp-message-broker-5,/glossary/,glossary,handoff_redirect_map,yes,1,Glossary numeric-suffix consolidation: 92 handoff candidates (1:1 with gloss_numeric_bloat) all redirect to /glossary/. Includes the 2 semantic numeric terms /glossary/mcp-soc-2 and /glossary/mcp-iso-27001 (must be re-protected if redirected).
/glossary/mcp-vulnerability-scan-106,REDIRECT,/glossary/mcp-vulnerability-scan-106,/glossary/,glossary,handoff_redirect_map,yes,1,Glossary numeric-suffix consolidation: 92 handoff candidates (1:1 with gloss_numeric_bloat) all redirect to /glossary/. Includes the 2 semantic numeric terms /glossary/mcp-soc-2 and /glossary/mcp-iso-27001 (must be re-protected if redirected).
/glossary/mcp-object-store-21,REDIRECT,/glossary/mcp-object-store-21,/glossary/,glossary,handoff_redirect_map,yes,1,Glossary numeric-suffix consolidation: 92 handoff candidates (1:1 with gloss_numeric_bloat) all redirect to /glossary/. Includes the 2 semantic numeric terms /glossary/mcp-soc-2 and /glossary/mcp-iso-27001 (must be re-protected if redirected).
/glossary/mcp-http-cache-50,REDIRECT,/glossary/mcp-http-cache-50,/glossary/,glossary,handoff_redirect_map,yes,1,Glossary numeric-suffix consolidation: 92 handoff candidates (1:1 with gloss_numeric_bloat) all redirect to /glossary/. Includes the 2 semantic numeric terms /glossary/mcp-soc-2 and /glossary/mcp-iso-27001 (must be re-protected if redirected).
/glossary/mcp-push-notification-72,REDIRECT,/glossary/mcp-push-notification-72,/glossary/,glossary,handoff_redirect_map,yes,1,Glossary numeric-suffix consolidation: 92 handoff candidates (1:1 with gloss_numeric_bloat) all redirect to /glossary/. Includes the 2 semantic numeric terms /glossary/mcp-soc-2 and /glossary/mcp-iso-27001 (must be re-protected if redirected).
/glossary/mcp-nosql-db-24,REDIRECT,/glossary/mcp-nosql-db-24,/glossary/,glossary,handoff_redirect_map,yes,1,Glossary numeric-suffix consolidation: 92 handoff candidates (1:1 with gloss_numeric_bloat) all redirect to /glossary/. Includes the 2 semantic numeric terms /glossary/mcp-soc-2 and /glossary/mcp-iso-27001 (must be re-protected if redirected).
/glossary/mcp-license-checker-108,REDIRECT,/glossary/mcp-license-checker-108,/glossary/,glossary,handoff_redirect_map,yes,1,Glossary numeric-suffix consolidation: 92 handoff candidates (1:1 with gloss_numeric_bloat) all redirect to /glossary/. Includes the 2 semantic numeric terms /glossary/mcp-soc-2 and /glossary/mcp-iso-27001 (must be re-protected if redirected).
/glossary/mcp-sync-engine-59,REDIRECT,/glossary/mcp-sync-engine-59,/glossary/,glossary,handoff_redirect_map,yes,1,Glossary numeric-suffix consolidation: 92 handoff candidates (1:1 with gloss_numeric_bloat) all redirect to /glossary/. Includes the 2 semantic numeric terms /glossary/mcp-soc-2 and /glossary/mcp-iso-27001 (must be re-protected if redirected).
/glossary/mcp-event-bus-6,REDIRECT,/glossary/mcp-event-bus-6,/glossary/,glossary,handoff_redirect_map,yes,1,Glossary numeric-suffix consolidation: 92 handoff candidates (1:1 with gloss_numeric_bloat) all redirect to /glossary/. Includes the 2 semantic numeric terms /glossary/mcp-soc-2 and /glossary/mcp-iso-27001 (must be re-protected if redirected).
/glossary/mcp-data-pipeline-31,REDIRECT,/glossary/mcp-data-pipeline-31,/glossary/,glossary,handoff_redirect_map,yes,1,Glossary numeric-suffix consolidation: 92 handoff candidates (1:1 with gloss_numeric_bloat) all redirect to /glossary/. Includes the 2 semantic numeric terms /glossary/mcp-soc-2 and /glossary/mcp-iso-27001 (must be re-protected if redirected).
/glossary/mcp-health-check-43,REDIRECT,/glossary/mcp-health-check-43,/glossary/,glossary,handoff_redirect_map,yes,1,Glossary numeric-suffix consolidation: 92 handoff candidates (1:1 with gloss_numeric_bloat) all redirect to /glossary/. Includes the 2 semantic numeric terms /glossary/mcp-soc-2 and /glossary/mcp-iso-27001 (must be re-protected if redirected).
/glossary/mcp-thread-pool-95,REDIRECT,/glossary/mcp-thread-pool-95,/glossary/,glossary,handoff_redirect_map,yes,1,Glossary numeric-suffix consolidation: 92 handoff candidates (1:1 with gloss_numeric_bloat) all redirect to /glossary/. Includes the 2 semantic numeric terms /glossary/mcp-soc-2 and /glossary/mcp-iso-27001 (must be re-protected if redirected).
/glossary/mcp-logging-service-13,REDIRECT,/glossary/mcp-logging-service-13,/glossary/,glossary,handoff_redirect_map,yes,1,Glossary numeric-suffix consolidation: 92 handoff candidates (1:1 with gloss_numeric_bloat) all redirect to /glossary/. Includes the 2 semantic numeric terms /glossary/mcp-soc-2 and /glossary/mcp-iso-27001 (must be re-protected if redirected).
/glossary/mcp-vector-store-29,REDIRECT,/glossary/mcp-vector-store-29,/glossary/,glossary,handoff_redirect_map,yes,1,Glossary numeric-suffix consolidation: 92 handoff candidates (1:1 with gloss_numeric_bloat) all redirect to /glossary/. Includes the 2 semantic numeric terms /glossary/mcp-soc-2 and /glossary/mcp-iso-27001 (must be re-protected if redirected).
/glossary/mcp-data-migrator-60,REDIRECT,/glossary/mcp-data-migrator-60,/glossary/,glossary,handoff_redirect_map,yes,1,Glossary numeric-suffix consolidation: 92 handoff candidates (1:1 with gloss_numeric_bloat) all redirect to /glossary/. Includes the 2 semantic numeric terms /glossary/mcp-soc-2 and /glossary/mcp-iso-27001 (must be re-protected if redirected).
/glossary/mcp-message-router-62,REDIRECT,/glossary/mcp-message-router-62,/glossary/,glossary,handoff_redirect_map,yes,1,Glossary numeric-suffix consolidation: 92 handoff candidates (1:1 with gloss_numeric_bloat) all redirect to /glossary/. Includes the 2 semantic numeric terms /glossary/mcp-soc-2 and /glossary/mcp-iso-27001 (must be re-protected if redirected).
/glossary/mcp-task-runner-93,REDIRECT,/glossary/mcp-task-runner-93,/glossary/,glossary,handoff_redirect_map,yes,1,Glossary numeric-suffix consolidation: 92 handoff candidates (1:1 with gloss_numeric_bloat) all redirect to /glossary/. Includes the 2 semantic numeric terms /glossary/mcp-soc-2 and /glossary/mcp-iso-27001 (must be re-protected if redirected).
/glossary/mcp-cache-layer-9,REDIRECT,/glossary/mcp-cache-layer-9,/glossary/,glossary,handoff_redirect_map,yes,1,Glossary numeric-suffix consolidation: 92 handoff candidates (1:1 with gloss_numeric_bloat) all redirect to /glossary/. Includes the 2 semantic numeric terms /glossary/mcp-soc-2 and /glossary/mcp-iso-27001 (must be re-protected if redirected).
/glossary/mcp-compliance-checker-104,REDIRECT,/glossary/mcp-compliance-checker-104,/glossary/,glossary,handoff_redirect_map,yes,1,Glossary numeric-suffix consolidation: 92 handoff candidates (1:1 with gloss_numeric_bloat) all redirect to /glossary/. Includes the 2 semantic numeric terms /glossary/mcp-soc-2 and /glossary/mcp-iso-27001 (must be re-protected if redirected).
/glossary/mcp-notification-service-69,REDIRECT,/glossary/mcp-notification-service-69,/glossary/,glossary,handoff_redirect_map,yes,1,Glossary numeric-suffix consolidation: 92 handoff candidates (1:1 with gloss_numeric_bloat) all redirect to /glossary/. Includes the 2 semantic numeric terms /glossary/mcp-soc-2 and /glossary/mcp-iso-27001 (must be re-protected if redirected).
/glossary/mcp-certificate-manager-48,REDIRECT,/glossary/mcp-certificate-manager-48,/glossary/,glossary,handoff_redirect_map,yes,1,Glossary numeric-suffix consolidation: 92 handoff candidates (1:1 with gloss_numeric_bloat) all redirect to /glossary/. Includes the 2 semantic numeric terms /glossary/mcp-soc-2 and /glossary/mcp-iso-27001 (must be re-protected if redirected).
/glossary/mcp-hyperparameter-tune-38,REDIRECT,/glossary/mcp-hyperparameter-tune-38,/glossary/,glossary,handoff_redirect_map,yes,1,Glossary numeric-suffix consolidation: 92 handoff candidates (1:1 with gloss_numeric_bloat) all redirect to /glossary/. Includes the 2 semantic numeric terms /glossary/mcp-soc-2 and /glossary/mcp-iso-27001 (must be re-protected if redirected).
/glossary/mcp-replication-service-58,REDIRECT,/glossary/mcp-replication-service-58,/glossary/,glossary,handoff_redirect_map,yes,1,Glossary numeric-suffix consolidation: 92 handoff candidates (1:1 with gloss_numeric_bloat) all redirect to /glossary/. Includes the 2 semantic numeric terms /glossary/mcp-soc-2 and /glossary/mcp-iso-27001 (must be re-protected if redirected).
/glossary/mcp-policy-engine-109,REDIRECT,/glossary/mcp-policy-engine-109,/glossary/,glossary,handoff_redirect_map,yes,1,Glossary numeric-suffix consolidation: 92 handoff candidates (1:1 with gloss_numeric_bloat) all redirect to /glossary/. Includes the 2 semantic numeric terms /glossary/mcp-soc-2 and /glossary/mcp-iso-27001 (must be re-protected if redirected).
/glossary/mcp-sms-gateway-71,REDIRECT,/glossary/mcp-sms-gateway-71,/glossary/,glossary,handoff_redirect_map,yes,1,Glossary numeric-suffix consolidation: 92 handoff candidates (1:1 with gloss_numeric_bloat) all redirect to /glossary/. Includes the 2 semantic numeric terms /glossary/mcp-soc-2 and /glossary/mcp-iso-27001 (must be re-protected if redirected).
/glossary/mcp-api-client-78,REDIRECT,/glossary/mcp-api-client-78,/glossary/,glossary,handoff_redirect_map,yes,1,Glossary numeric-suffix consolidation: 92 handoff candidates (1:1 with gloss_numeric_bloat) all redirect to /glossary/. Includes the 2 semantic numeric terms /glossary/mcp-soc-2 and /glossary/mcp-iso-27001 (must be re-protected if redirected).
/glossary/mcp-traffic-manager-16,REDIRECT,/glossary/mcp-traffic-manager-16,/glossary/,glossary,handoff_redirect_map,yes,1,Glossary numeric-suffix consolidation: 92 handoff candidates (1:1 with gloss_numeric_bloat) all redirect to /glossary/. Includes the 2 semantic numeric terms /glossary/mcp-soc-2 and /glossary/mcp-iso-27001 (must be re-protected if redirected).
/glossary/mcp-worker-pool-94,REDIRECT,/glossary/mcp-worker-pool-94,/glossary/,glossary,handoff_redirect_map,yes,1,Glossary numeric-suffix consolidation: 92 handoff candidates (1:1 with gloss_numeric_bloat) all redirect to /glossary/. Includes the 2 semantic numeric terms /glossary/mcp-soc-2 and /glossary/mcp-iso-27001 (must be re-protected if redirected).
/glossary/mcp-workflow-engine-8,REDIRECT,/glossary/mcp-workflow-engine-8,/glossary/,glossary,handoff_redirect_map,yes,1,Glossary numeric-suffix consolidation: 92 handoff candidates (1:1 with gloss_numeric_bloat) all redirect to /glossary/. Includes the 2 semantic numeric terms /glossary/mcp-soc-2 and /glossary/mcp-iso-27001 (must be re-protected if redirected).
/glossary/mcp-graphql-gateway-79,REDIRECT,/glossary/mcp-graphql-gateway-79,/glossary/,glossary,handoff_redirect_map,yes,1,Glossary numeric-suffix consolidation: 92 handoff candidates (1:1 with gloss_numeric_bloat) all redirect to /glossary/. Includes the 2 semantic numeric terms /glossary/mcp-soc-2 and /glossary/mcp-iso-27001 (must be re-protected if redirected).
/glossary/mcp-log-aggregator-65,REDIRECT,/glossary/mcp-log-aggregator-65,/glossary/,glossary,handoff_redirect_map,yes,1,Glossary numeric-suffix consolidation: 92 handoff candidates (1:1 with gloss_numeric_bloat) all redirect to /glossary/. Includes the 2 semantic numeric terms /glossary/mcp-soc-2 and /glossary/mcp-iso-27001 (must be re-protected if redirected).
/glossary/mcp-liveness-probe-45,REDIRECT,/glossary/mcp-liveness-probe-45,/glossary/,glossary,handoff_redirect_map,yes,1,Glossary numeric-suffix consolidation: 92 handoff candidates (1:1 with gloss_numeric_bloat) all redirect to /glossary/. Includes the 2 semantic numeric terms /glossary/mcp-soc-2 and /glossary/mcp-iso-27001 (must be re-protected if redirected).
/glossary/mcp-task-queue-7,REDIRECT,/glossary/mcp-task-queue-7,/glossary/,glossary,handoff_redirect_map,yes,1,Glossary numeric-suffix consolidation: 92 handoff candidates (1:1 with gloss_numeric_bloat) all redirect to /glossary/. Includes the 2 semantic numeric terms /glossary/mcp-soc-2 and /glossary/mcp-iso-27001 (must be re-protected if redirected).
/glossary/mcp-config-map-46,REDIRECT,/glossary/mcp-config-map-46,/glossary/,glossary,handoff_redirect_map,yes,1,Glossary numeric-suffix consolidation: 92 handoff candidates (1:1 with gloss_numeric_bloat) all redirect to /glossary/. Includes the 2 semantic numeric terms /glossary/mcp-soc-2 and /glossary/mcp-iso-27001 (must be re-protected if redirected).
/glossary/mcp-process-restart-98,REDIRECT,/glossary/mcp-process-restart-98,/glossary/,glossary,handoff_redirect_map,yes,1,Glossary numeric-suffix consolidation: 92 handoff candidates (1:1 with gloss_numeric_bloat) all redirect to /glossary/. Includes the 2 semantic numeric terms /glossary/mcp-soc-2 and /glossary/mcp-iso-27001 (must be re-protected if redirected).
/glossary/mcp-security-scanner-105,REDIRECT,/glossary/mcp-security-scanner-105,/glossary/,glossary,handoff_redirect_map,yes,1,Glossary numeric-suffix consolidation: 92 handoff candidates (1:1 with gloss_numeric_bloat) all redirect to /glossary/. Includes the 2 semantic numeric terms /glossary/mcp-soc-2 and /glossary/mcp-iso-27001 (must be re-protected if redirected).
/glossary/mcp-dns-provider-3,REDIRECT,/glossary/mcp-dns-provider-3,/glossary/,glossary,handoff_redirect_map,yes,1,Glossary numeric-suffix consolidation: 92 handoff candidates (1:1 with gloss_numeric_bloat) all redirect to /glossary/. Includes the 2 semantic numeric terms /glossary/mcp-soc-2 and /glossary/mcp-iso-27001 (must be re-protected if redirected).
/glossary/mcp-metric-collector-66,REDIRECT,/glossary/mcp-metric-collector-66,/glossary/,glossary,handoff_redirect_map,yes,1,Glossary numeric-suffix consolidation: 92 handoff candidates (1:1 with gloss_numeric_bloat) all redirect to /glossary/. Includes the 2 semantic numeric terms /glossary/mcp-soc-2 and /glossary/mcp-iso-27001 (must be re-protected if redirected).
/glossary/mcp-secret-management-2,REDIRECT,/glossary/mcp-secret-management-2,/glossary/,glossary,handoff_redirect_map,yes,1,Glossary numeric-suffix consolidation: 92 handoff candidates (1:1 with gloss_numeric_bloat) all redirect to /glossary/. Includes the 2 semantic numeric terms /glossary/mcp-soc-2 and /glossary/mcp-iso-27001 (must be re-protected if redirected).
/glossary/mcp-subscription-manager-89,REDIRECT,/glossary/mcp-subscription-manager-89,/glossary/,glossary,handoff_redirect_map,yes,1,Glossary numeric-suffix consolidation: 92 handoff candidates (1:1 with gloss_numeric_bloat) all redirect to /glossary/. Includes the 2 semantic numeric terms /glossary/mcp-soc-2 and /glossary/mcp-iso-27001 (must be re-protected if redirected).
/glossary/mcp-identity-service-19,REDIRECT,/glossary/mcp-identity-service-19,/glossary/,glossary,handoff_redirect_map,yes,1,Glossary numeric-suffix consolidation: 92 handoff candidates (1:1 with gloss_numeric_bloat) all redirect to /glossary/. Includes the 2 semantic numeric terms /glossary/mcp-soc-2 and /glossary/mcp-iso-27001 (must be re-protected if redirected).
/glossary/mcp-log-rotation-99,REDIRECT,/glossary/mcp-log-rotation-99,/glossary/,glossary,handoff_redirect_map,yes,1,Glossary numeric-suffix consolidation: 92 handoff candidates (1:1 with gloss_numeric_bloat) all redirect to /glossary/. Includes the 2 semantic numeric terms /glossary/mcp-soc-2 and /glossary/mcp-iso-27001 (must be re-protected if redirected).
/glossary/mcp-email-service-70,REDIRECT,/glossary/mcp-email-service-70,/glossary/,glossary,handoff_redirect_map,yes,1,Glossary numeric-suffix consolidation: 92 handoff candidates (1:1 with gloss_numeric_bloat) all redirect to /glossary/. Includes the 2 semantic numeric terms /glossary/mcp-soc-2 and /glossary/mcp-iso-27001 (must be re-protected if redirected).
/glossary/mcp-experiment-tracker-37,REDIRECT,/glossary/mcp-experiment-tracker-37,/glossary/,glossary,handoff_redirect_map,yes,1,Glossary numeric-suffix consolidation: 92 handoff candidates (1:1 with gloss_numeric_bloat) all redirect to /glossary/. Includes the 2 semantic numeric terms /glossary/mcp-soc-2 and /glossary/mcp-iso-27001 (must be re-protected if redirected).
/glossary/mcp-api-gateway-14,REDIRECT,/glossary/mcp-api-gateway-14,/glossary/,glossary,handoff_redirect_map,yes,1,Glossary numeric-suffix consolidation: 92 handoff candidates (1:1 with gloss_numeric_bloat) all redirect to /glossary/. Includes the 2 semantic numeric terms /glossary/mcp-soc-2 and /glossary/mcp-iso-27001 (must be re-protected if redirected).
/glossary/mcp-analytics-platform-11,REDIRECT,/glossary/mcp-analytics-platform-11,/glossary/,glossary,handoff_redirect_map,yes,1,Glossary numeric-suffix consolidation: 92 handoff candidates (1:1 with gloss_numeric_bloat) all redirect to /glossary/. Includes the 2 semantic numeric terms /glossary/mcp-soc-2 and /glossary/mcp-iso-27001 (must be re-protected if redirected).
/glossary/mcp-graph-database-27,REDIRECT,/glossary/mcp-graph-database-27,/glossary/,glossary,handoff_redirect_map,yes,1,Glossary numeric-suffix consolidation: 92 handoff candidates (1:1 with gloss_numeric_bloat) all redirect to /glossary/. Includes the 2 semantic numeric terms /glossary/mcp-soc-2 and /glossary/mcp-iso-27001 (must be re-protected if redirected).
/glossary/mcp-trace-collector-67,REDIRECT,/glossary/mcp-trace-collector-67,/glossary/,glossary,handoff_redirect_map,yes,1,Glossary numeric-suffix consolidation: 92 handoff candidates (1:1 with gloss_numeric_bloat) all redirect to /glossary/. Includes the 2 semantic numeric terms /glossary/mcp-soc-2 and /glossary/mcp-iso-27001 (must be re-protected if redirected).
/glossary/mcp-canary-deploy-40,REDIRECT,/glossary/mcp-canary-deploy-40,/glossary/,glossary,handoff_redirect_map,yes,1,Glossary numeric-suffix consolidation: 92 handoff candidates (1:1 with gloss_numeric_bloat) all redirect to /glossary/. Includes the 2 semantic numeric terms /glossary/mcp-soc-2 and /glossary/mcp-iso-27001 (must be re-protected if redirected).
/glossary/mcp-monitoring-tool-12,REDIRECT,/glossary/mcp-monitoring-tool-12,/glossary/,glossary,handoff_redirect_map,yes,1,Glossary numeric-suffix consolidation: 92 handoff candidates (1:1 with gloss_numeric_bloat) all redirect to /glossary/. Includes the 2 semantic numeric terms /glossary/mcp-soc-2 and /glossary/mcp-iso-27001 (must be re-protected if redirected).
/glossary/mcp-search-engine-10,REDIRECT,/glossary/mcp-search-engine-10,/glossary/,glossary,handoff_redirect_map,yes,1,Glossary numeric-suffix consolidation: 92 handoff candidates (1:1 with gloss_numeric_bloat) all redirect to /glossary/. Includes the 2 semantic numeric terms /glossary/mcp-soc-2 and /glossary/mcp-iso-27001 (must be re-protected if redirected).
/glossary/mcp-event-processor-63,REDIRECT,/glossary/mcp-event-processor-63,/glossary/,glossary,handoff_redirect_map,yes,1,Glossary numeric-suffix consolidation: 92 handoff candidates (1:1 with gloss_numeric_bloat) all redirect to /glossary/. Includes the 2 semantic numeric terms /glossary/mcp-soc-2 and /glossary/mcp-iso-27001 (must be re-protected if redirected).
/glossary/mcp-audit-logger-103,REDIRECT,/glossary/mcp-audit-logger-103,/glossary/,glossary,handoff_redirect_map,yes,1,Glossary numeric-suffix consolidation: 92 handoff candidates (1:1 with gloss_numeric_bloat) all redirect to /glossary/. Includes the 2 semantic numeric terms /glossary/mcp-soc-2 and /glossary/mcp-iso-27001 (must be re-protected if redirected).
/glossary/mcp-web-scraper-77,REDIRECT,/glossary/mcp-web-scraper-77,/glossary/,glossary,handoff_redirect_map,yes,1,Glossary numeric-suffix consolidation: 92 handoff candidates (1:1 with gloss_numeric_bloat) all redirect to /glossary/. Includes the 2 semantic numeric terms /glossary/mcp-soc-2 and /glossary/mcp-iso-27001 (must be re-protected if redirected).
/glossary/mcp-readiness-probe-44,REDIRECT,/glossary/mcp-readiness-probe-44,/glossary/,glossary,handoff_redirect_map,yes,1,Glossary numeric-suffix consolidation: 92 handoff candidates (1:1 with gloss_numeric_bloat) all redirect to /glossary/. Includes the 2 semantic numeric terms /glossary/mcp-soc-2 and /glossary/mcp-iso-27001 (must be re-protected if redirected).
/glossary/mcp-trace-export-102,REDIRECT,/glossary/mcp-trace-export-102,/glossary/,glossary,handoff_redirect_map,yes,1,Glossary numeric-suffix consolidation: 92 handoff candidates (1:1 with gloss_numeric_bloat) all redirect to /glossary/. Includes the 2 semantic numeric terms /glossary/mcp-soc-2 and /glossary/mcp-iso-27001 (must be re-protected if redirected).
/glossary/mcp-ml-model-serving-30,REDIRECT,/glossary/mcp-ml-model-serving-30,/glossary/,glossary,handoff_redirect_map,yes,1,Glossary numeric-suffix consolidation: 92 handoff candidates (1:1 with gloss_numeric_bloat) all redirect to /glossary/. Includes the 2 semantic numeric terms /glossary/mcp-soc-2 and /glossary/mcp-iso-27001 (must be re-protected if redirected).
/glossary/mcp-file-storage-20,REDIRECT,/glossary/mcp-file-storage-20,/glossary/,glossary,handoff_redirect_map,yes,1,Glossary numeric-suffix consolidation: 92 handoff candidates (1:1 with gloss_numeric_bloat) all redirect to /glossary/. Includes the 2 semantic numeric terms /glossary/mcp-soc-2 and /glossary/mcp-iso-27001 (must be re-protected if redirected).
/glossary/mcp-alert-manager-68,REDIRECT,/glossary/mcp-alert-manager-68,/glossary/,glossary,handoff_redirect_map,yes,1,Glossary numeric-suffix consolidation: 92 handoff candidates (1:1 with gloss_numeric_bloat) all redirect to /glossary/. Includes the 2 semantic numeric terms /glossary/mcp-soc-2 and /glossary/mcp-iso-27001 (must be re-protected if redirected).
/glossary/mcp-function-orchestrator-53,REDIRECT,/glossary/mcp-function-orchestrator-53,/glossary/,glossary,handoff_redirect_map,yes,1,Glossary numeric-suffix consolidation: 92 handoff candidates (1:1 with gloss_numeric_bloat) all redirect to /glossary/. Includes the 2 semantic numeric terms /glossary/mcp-soc-2 and /glossary/mcp-iso-27001 (must be re-protected if redirected).
/glossary/mcp-dependency-check-107,REDIRECT,/glossary/mcp-dependency-check-107,/glossary/,glossary,handoff_redirect_map,yes,1,Glossary numeric-suffix consolidation: 92 handoff candidates (1:1 with gloss_numeric_bloat) all redirect to /glossary/. Includes the 2 semantic numeric terms /glossary/mcp-soc-2 and /glossary/mcp-iso-27001 (must be re-protected if redirected).
/glossary/mcp-metric-export-101,REDIRECT,/glossary/mcp-metric-export-101,/glossary/,glossary,handoff_redirect_map,yes,1,Glossary numeric-suffix consolidation: 92 handoff candidates (1:1 with gloss_numeric_bloat) all redirect to /glossary/. Includes the 2 semantic numeric terms /glossary/mcp-soc-2 and /glossary/mcp-iso-27001 (must be re-protected if redirected).
/glossary/mcp-block-storage-22,REDIRECT,/glossary/mcp-block-storage-22,/glossary/,glossary,handoff_redirect_map,yes,1,Glossary numeric-suffix consolidation: 92 handoff candidates (1:1 with gloss_numeric_bloat) all redirect to /glossary/. Includes the 2 semantic numeric terms /glossary/mcp-soc-2 and /glossary/mcp-iso-27001 (must be re-protected if redirected).
/glossary/mcp-serverless-func-52,REDIRECT,/glossary/mcp-serverless-func-52,/glossary/,glossary,handoff_redirect_map,yes,1,Glossary numeric-suffix consolidation: 92 handoff candidates (1:1 with gloss_numeric_bloat) all redirect to /glossary/. Includes the 2 semantic numeric terms /glossary/mcp-soc-2 and /glossary/mcp-iso-27001 (must be re-protected if redirected).
/glossary/mcp-data-validator-117,REDIRECT,/glossary/mcp-data-validator-117,/glossary/,glossary,handoff_redirect_map,yes,1,Glossary numeric-suffix consolidation: 92 handoff candidates (1:1 with gloss_numeric_bloat) all redirect to /glossary/. Includes the 2 semantic numeric terms /glossary/mcp-soc-2 and /glossary/mcp-iso-27001 (must be re-protected if redirected).
/glossary/mcp-key-value-store-26,REDIRECT,/glossary/mcp-key-value-store-26,/glossary/,glossary,handoff_redirect_map,yes,1,Glossary numeric-suffix consolidation: 92 handoff candidates (1:1 with gloss_numeric_bloat) all redirect to /glossary/. Includes the 2 semantic numeric terms /glossary/mcp-soc-2 and /glossary/mcp-iso-27001 (must be re-protected if redirected).
/glossary/mcp-database-service-23,REDIRECT,/glossary/mcp-database-service-23,/glossary/,glossary,handoff_redirect_map,yes,1,Glossary numeric-suffix consolidation: 92 handoff candidates (1:1 with gloss_numeric_bloat) all redirect to /glossary/. Includes the 2 semantic numeric terms /glossary/mcp-soc-2 and /glossary/mcp-iso-27001 (must be re-protected if redirected).
/glossary/mcp-soc-2,REDIRECT,/glossary/mcp-soc-2,/glossary/,glossary,handoff_redirect_map,yes,1,Glossary numeric-suffix consolidation: 92 handoff candidates (1:1 with gloss_numeric_bloat) all redirect to /glossary/. Includes the 2 semantic numeric terms /glossary/mcp-soc-2 and /glossary/mcp-iso-27001 (must be re-protected if redirected).
/glossary/mcp-udp-proxy-83,REDIRECT,/glossary/mcp-udp-proxy-83,/glossary/,glossary,handoff_redirect_map,yes,1,Glossary numeric-suffix consolidation: 92 handoff candidates (1:1 with gloss_numeric_bloat) all redirect to /glossary/. Includes the 2 semantic numeric terms /glossary/mcp-soc-2 and /glossary/mcp-iso-27001 (must be re-protected if redirected).
/glossary/mcp-file-watcher-75,REDIRECT,/glossary/mcp-file-watcher-75,/glossary/,glossary,handoff_redirect_map,yes,1,Glossary numeric-suffix consolidation: 92 handoff candidates (1:1 with gloss_numeric_bloat) all redirect to /glossary/. Includes the 2 semantic numeric terms /glossary/mcp-soc-2 and /glossary/mcp-iso-27001 (must be re-protected if redirected).
/glossary/mcp-iso-27001,REDIRECT,/glossary/mcp-iso-27001,/glossary/,glossary,handoff_redirect_map,yes,1,Glossary numeric-suffix consolidation: 92 handoff candidates (1:1 with gloss_numeric_bloat) all redirect to /glossary/. Includes the 2 semantic numeric terms /glossary/mcp-soc-2 and /glossary/mcp-iso-27001 (must be re-protected if redirected).
/mcp-server-directory,REDIRECT,/mcp-server-directory,/servers,directory,handoff_redirect_map,yes,1,"Legacy /mcp-server-directory consolidated to /servers. (Note: 3 /directory/* paths in GSC inventory — /directory/databases, /directory/devops, /directory/iot, /directory/monitoring — are NOT in the handoff and NOT in the ledger; they require separate EVIDENCE_REVIEW.)"
